<?xml version="1.0" encoding="UTF-8"?>
<!DOCTYPE fontscolors PUBLIC "-//NetBeans//DTD Editor Fonts and Colors settings 1.2//EN" "https://netbeans.apache.org/dtds/EditorFontsColors-1_2.dtd">
<fontscolors>
    <fontcolor name="mark-occurrences"/>
    <fontcolor foreColor="white" name="identifier"/>
    <fontcolor default="field" foreColor="pink" name="markup-attribute"/>
    <fontcolor default="identifier" foreColor="ffeb3131" name="method">
        <font style="bold"/>
    </fontcolor>
    <fontcolor bgColor="ff212121" foreColor="ff01937b" name="string"/>
    <fontcolor default="keyword" foreColor="green" name="markup-element"/>
    <fontcolor default="string" foreColor="cyan" name="markup-attribute-value"/>
    <fontcolor name="error" waveUnderlined="red"/>
    <fontcolor default="default" name="entity-reference">
        <font style="bold"/>
    </fontcolor>
    <fontcolor foreColor="white" name="separator"/>
    <fontcolor foreColor="white" name="operator"/>
    <fontcolor name="url" underline="cyan"/>
    <fontcolor foreColor="ffdb8630" name="number"/>
    <fontcolor bgColor="ff0c0c0c" foreColor="darkGray" name="default">
        <font name="Consolas" size="14"/>
    </fontcolor>
    <fontcolor default="identifier" foreColor="magenta" name="field"/>
    <fontcolor bgColor="ff363636" foreColor="ffff8080" name="char"/>
    <fontcolor name="warning" waveUnderlined="yellow"/>
    <fontcolor foreColor="gray" name="comment"/>
    <fontcolor foreColor="ff2148e2" name="keyword"/>
    <fontcolor name="whitespace"/>
</fontscolors>
