<?xml version="1.0" encoding="UTF-8"?>
<!DOCTYPE fontscolors PUBLIC "-//NetBeans//DTD Editor Fonts and Colors settings 1.1//EN" "http://www.netbeans.org/dtds/EditorFontsColors-1_1.dtd">
<fontscolors>
    <fontcolor bgColor="ff38566f" name="mark-occurrences"/>
    <fontcolor foreColor="white" name="identifier"/>
    <fontcolor default="field" name="markup-attribute"/>
    <fontcolor default="identifier" name="method"/>
    <fontcolor foreColor="ff00b176" name="string"/>
    <fontcolor default="keyword" name="markup-element"/>
    <fontcolor default="string" foreColor="ffc10087" name="markup-attribute-value"/>
    <fontcolor bgColor="red" foreColor="white" name="error"/>
    <fontcolor default="default" name="entity-reference"/>
    <fontcolor foreColor="ff7700a6" name="separator">
        <font size="16" style="plain"/>
    </fontcolor>
    <fontcolor foreColor="ff00cc33" name="operator"/>
    <fontcolor name="url" underline="blue"/>
    <fontcolor foreColor="ffe45dbf" name="number"/>
    <fontcolor bgColor="black" foreColor="white" name="default">
        <font name="Open Sans" size="14"/>
    </fontcolor>
    <fontcolor default="identifier" name="field"/>
    <fontcolor foreColor="blue" name="char"/>
    <fontcolor name="warning" waveUnderlined="yellow"/>
    <fontcolor foreColor="gray" name="comment">
        <font style="italic"/>
    </fontcolor>
    <fontcolor foreColor="ffff0066" name="keyword">
        <font size="14" style="plain"/>
    </fontcolor>
    <fontcolor name="whitespace"/>
</fontscolors>
